{
    "variants": {
        "normal": [
            { "model": "stone", "weight"=50},
            { "model": "stone_mirrored", "weight"=5},
            { "model": "stone", "y": 180, "weight"=5},
            { "model": "stone_mirrored", "y": 180, "weight"=5},
			{ "model": "stone_1", "weight"=5},
			{ "model": "stone_2", "weight"=10},
			{ "model": "stone_3", "weight"=30},
			{ "model": "stone_4", "weight"=30},
			{ "model": "stone_5", "weight"=40},
			{ "model": "stone_6", "weight"=20},
			{ "model": "stone_7", "weight"=15},
			{ "model": "stone_8", "weight"=20}
        ]
    }
}
